{"theta0": 8092.148231574912, "theta1": -4902.152137727424}